Class, Wavelength (microns), Slope, Unc_slope, Intercept, Unc_intercept
0, 36000.29516661664, 0.20522174485688138, 0.0015457025364791002, -18.520233171645717, 0.002017230714811996
1a, 36000.29516661664, 0.34444337193460917, 0.000991294064421701, -18.817222923624925, 0.0011376634504863127
1b, 36000.29516661664, 0.5940875243598189, 0.0017219738868006792, -19.11911854112375, 0.0012989966678014823
All, 36000.29516661664, 0.457109635605627, 0.0010662174349017057, -18.954540617704893, 0.001106313356773137
0, 24000.196777744422, 0.2183736444317188, 0.001342099079792184, -17.695542842906217, 0.0017515164931052154
1a, 24000.196777744422, 0.34833345738242505, 0.0009952778439183095, -17.979230761139654, 0.0011422354543858136
1b, 24000.196777744422, 0.5975531868064771, 0.0017174285733285361, -18.279767186487533, 0.0012955678428351544
All, 24000.196777744422, 0.4621231607167591, 0.0010456540260728312, -18.11754508251641, 0.0010849766452324294
0, 16000.131185162949, 0.22838476981222167, 0.0011997515233494738, -16.867290723056968, 0.001565744744493899
1a, 16000.131185162949, 0.35118911392802676, 0.0009975613397444152, -17.14073894915071, 0.0011448561194678892
1b, 16000.131185162949, 0.5999136589918689, 0.0017131474164402045, -17.440292159367488, 0.0012923382883251202
All, 16000.131185162949, 0.4658488142055972, 0.0010312073940616654, -17.279882645338375, 0.0010699867365785605
0, 13000.106718037026, 0.23259838498089946, 0.0011486725563841253, -16.44239562899122, 0.0014990837546775305
1a, 13000.106718037026, 0.35251254157353573, 0.000997948827582754, -16.711699601489038, 0.0011453008217686572
1b, 13000.106718037026, 0.6009587290427025, 0.0017106077353557046, -17.01084497203045, 0.001290422442044679
All, 13000.106718037026, 0.46750880331961175, 0.0010255887460059695, -16.85118028314269, 0.0010641567949667007
0, 11000.090336570136, 0.23565923898542573, 0.001116719628042789, -16.100449378112973, 0.0014573833453444688
1a, 11000.090336570136, 0.35359359263746426, 0.0009978915233971376, -16.36690254522211, 0.0011452350563415498
1b, 11000.090336570136, 0.6018054858062797, 0.001708274367510672, -16.665754720525683, 0.0012886622312315616
All, 11000.090336570136, 0.46880887062901555, 0.0010217306853698138, -16.506610526943682, 0.0010601536490104418
0, 7400.06070275884, 0.242219805644587, 0.0010662579133529618, -15.289765505878606, 0.0013915279052503678
1a, 7400.06070275884, 0.35648943338244043, 0.0009965220110880212, -15.55088386491515, 0.0011436633288844891
1b, 7400.06070275884, 0.6041364713711672, 0.0017013975542056832, -15.84916629449439, 0.0012834746046149522
All, 7400.06070275884, 0.47207713037618315, 0.001014264167569597, -15.691013149385418, 0.0010524063470994335
0, 5000.040995363421, 0.24864192716724487, 0.0010397577370039794, -14.491402774123676, 0.0013569436508951479
1a, 5000.040995363421, 0.3602864954696816, 0.0009935681277303374, -14.748617560793013, 0.0011402732902938745
1b, 5000.040995363421, 0.6074820245134849, 0.001692453479478968, -15.046622081918276, 0.001276727508532005
All, 5000.040995363421, 0.47616366939360133, 0.0010083320603091772, -14.889145603395725, 0.0010462511584097846
0, 3500.02868507946, 0.25548574734464014, 0.0010271271550452222, -13.771086922058355, 0.001340460014961424
1a, 3500.02868507946, 0.3651222542884265, 0.0009896847942851379, -14.02528606686542, 0.001135816563793417
1b, 3500.02868507946, 0.6122539952523817, 0.0016827579753305904, -14.32357534637248, 0.001269413560464652
All, 3500.02868507946, 0.4814049765181425, 0.0010038031188107646, -14.166419011383788, 0.0010415519026034867
0, 3350.027475833156, 0.25644645465835003, 0.0010260974780398073, -13.683202391191358, 0.0013391162272450693
1a, 3350.027475833156, 0.36583956808509255, 0.000989150772376324, -13.937038564660067, 0.0011352036909545475
1b, 3350.027475833156, 0.6130048550162037, 0.0016815252864939274, -14.235420429180163, 0.001268483663267293
All, 3350.027475833156, 0.48219481783443663, 0.0010033168482454042, -14.078278494540228, 0.0010410473454617124
0, 2730.0223042423227, 0.2614232595006909, 0.0010225600705780489, -13.274736119630163, 0.0013344997070451876
1a, 2730.0223042423227, 0.3696412316792267, 0.0009865871665454232, -13.526840724911967, 0.0011322615562642012
1b, 2730.0223042423227, 0.6171389496530945, 0.0016759254299764808, -13.825890833402404, 0.0012642593280366094
All, 2730.0223042423227, 0.48643886109127343, 0.001001349127397839, -13.668723208055507, 0.0010390056269671511
0, 2600.021230860895, 0.2627472746311019, 0.0010220158778032104, -13.177952954390845, 0.0013337895041734998
1a, 2600.021230860895, 0.37067019909521826, 0.000985976040305223, -13.429629528876324, 0.0011315601942647078
1b, 2600.021230860895, 0.6182975274216347, 0.0016746775885684519, -13.728905882772485, 0.001263318000271189
All, 2600.021230860895, 0.4876035619566521, 0.0010009723743370329, -13.571706437180442, 0.0010386147058194276
0, 2250.018447913539, 0.26704485330721317, 0.0010210755848282416, -12.892733462521834, 0.0013325623677580096
1a, 2250.018447913539, 0.37404221516289016, 0.0009842264090675372, -13.143087520909862, 0.0011295522214719868
1b, 2250.018447913539, 0.6221918704345246, 0.001671354722188914, -13.443217242372544, 0.0012608113464899352
All, 2250.018447913539, 0.49146274098093956, 0.0010001323209462352, -13.285855121601845, 0.0010377430615785624
0, 2000.0163981453682, 0.27102120546647823, 0.0010210709345893896, -12.662356960414996, 0.0013325562989288384
1a, 2000.0163981453682, 0.3771920751426673, 0.0009829318772243882, -12.911556695804068, 0.001128066545711081
1b, 2000.0163981453682, 0.6259416194781486, 0.0016692454297492804, -13.212613014707976, 0.0012592201702987596
All, 2000.0163981453682, 0.4951184758520637, 0.0009998225689331018, -13.055033266341194, 0.0010374216611041382
0, 1500.0122986090262, 0.2830142954751229, 0.001024142348831549, -12.108978218605369, 0.0013365646711744502
1a, 1500.0122986090262, 0.3867785922211341, 0.0009807464332260928, -12.354949804477265, 0.0011255584102857006
1b, 1500.0122986090262, 0.6377823410803274, 0.0016677195347572142, -12.65933901566273, 0.001258069088667788
All, 1500.0122986090262, 0.5064540481410205, 0.0010009869985556602, -12.500845008559251, 0.0010386298799929781
0, 1300.0106718037018, 0.2904989682891925, 0.0010274198692595735, -11.839795137392098, 0.001340842023847297
1a, 1300.0106718037018, 0.3927935571519632, 0.0009804593054523086, -12.083878109547117, 0.0011252288867007448
1b, 1300.0106718037018, 0.6453834434447115, 0.0016696095136683737, -12.390584561836345, 0.001259494822429856
All, 1300.0106718037018, 0.5136605145613213, 0.0010028471713991783, -12.231407607468403, 0.0010405600060585684
0, 1000.0081990726841, 0.3078430876981322, 0.001034392520284003, -11.38271390944502, 0.001349941734482555
1a, 1000.0081990726841, 0.406815336983805, 0.000980122861025452, -11.622383969899872, 0.0011248427646192232
1b, 1000.0081990726841, 0.6616477179448824, 0.0016711693085691268, -11.932972007784297, 0.0012606714769622291
All, 1000.0081990726841, 0.529768147221705, 0.0010050384681691271, -11.772868325455537, 0.001042833708219021
0, 700.005737015892, 0.34140195207443513, 0.0010517156513883638, -10.773408948236266, 0.0013725494169542624
1a, 700.005737015892, 0.43399285611458993, 0.0009864148010643404, -11.005380289214663, 0.0011320637401821814
1b, 700.005737015892, 0.6935938370643158, 0.0016884193351767874, -11.324472509425842, 0.0012736842916480956
All, 700.005737015892, 0.5614257477948382, 0.001015132389468612, -11.162124944978336, 0.0010533072191468052
0, 500.00409953634204, 0.3882533149498737, 0.0010763217100189554, -10.224148453335049, 0.001404661738742359
1a, 500.00409953634204, 0.47220584487006134, 0.0010053384214016043, -10.447375572499912, 0.0011537815250265244
1b, 500.00409953634204, 0.7367011120002377, 0.0017227710446711128, -10.777910521537482, 0.0012995980157228082
All, 500.00409953634204, 0.6056779886632248, 0.0010342217457425884, -10.612593822655008, 0.0010731144452592238
0, 350.002868507946, 0.46166651548244575, 0.0010978311214730112, -9.737713692779884, 0.0014327327578541513
1a, 350.002868507946, 0.5331634240633487, 0.0010389362869171453, -9.949847379783005, 0.0011923402786630489
1b, 350.002868507946, 0.790590075842563, 0.0017217970535478775, -10.284619622764104, 0.0012988632710015037
All, 350.002868507946, 0.669929579663775, 0.0010414163514635365, -10.12060656432443, 0.0010805796096293179
0, 226.001857212083, 0.5954451215659535, 0.0011096762320022399, -9.34113269765969, 0.001448191308394109
1a, 226.001857212083, 0.6483806712317673, 0.0011152105980201947, -9.540968600705266, 0.0012798768624754254
1b, 226.001857212083, 0.8610196263979581, 0.0015959009638179147, -9.850981953275816, 0.001203891679212558
All, 226.001857212083, 0.7765931244042996, 0.001007876030066903, -9.702869052091685, 0.001045777978801568
0, 184.80151060234402, 0.6716629600896162, 0.0011096077298991703, -9.228932287614143, 0.0014481019092095438
1a, 184.80151060234402, 0.717543358558009, 0.001179016663349924, -9.430041026251233, 0.0013531042034333502
1b, 184.80151060234402, 0.8944463381487063, 0.0015152789090074686, -9.715960219447535, 0.0011430732304818078
All, 184.80151060234402, 0.8362874426308438, 0.000991512830654503, -9.580468255041168, 0.0010287994287639303
0, 158.501296063549, 0.7324621355193532, 0.0011045314046849715, -9.165850287167908, 0.0014414770128282634
1a, 158.501296063549, 0.7755796313376333, 0.001246068313841512, -9.374813898555272, 0.0014300563559750518
1b, 158.501296063549, 0.9194910059121472, 0.001468793824216689, -9.637604874680392, 0.0011080065139023353
All, 158.501296063549, 0.8848318343857279, 0.000990253826028626, -9.513222498957369, 0.0010274930783064594
0, 135.901112091636, 0.7931252197645737, 0.0011037735517795803, -9.130811319434786, 0.0014404879711970406
1a, 135.901112091636, 0.8370139746955099, 0.0013322349861934516, -9.354963043108473, 0.0015289459562492337
1b, 135.901112091636, 0.9445252911531278, 0.0014543087754035275, -9.591086221037186, 0.0010970795014281812
All, 135.901112091636, 0.9349194797011395, 0.0010051172114628438, -9.47851468962752, 0.001042915412714505
0, 116.600954658356, 0.8504433767887276, 0.0011157490485236082, -9.112045316941014, 0.0014561166832467803
1a, 116.600954658356, 0.8991989755085698, 0.0014400339508295922, -9.359678480884654, 0.0016526619618911606
1b, 116.600954658356, 0.9691796900785816, 0.0014881160467036974, -9.567853783866116, 0.001122582520436195
All, 116.600954658356, 0.9848135742653985, 0.0010426298946458544, -9.466656432821301, 0.0010818387890308844
0, 100.000819907268, 0.9042731519115297, 0.0011714965023072235, -9.112455274053454, 0.0015288703168799562
1a, 100.000819907268, 0.9613641020405742, 0.0015727828741875195, -9.390375235662626, 0.001805011908910995
1b, 100.000819907268, 0.9942958557625009, 0.0015759303155405292, -9.570314289253712, 0.001188826523018838
All, 100.000819907268, 1.0342953799471366, 0.0011045264747442892, -9.47971143075216, 0.001146063037350168
0, 85.770702480011, 0.9345079899740363, 0.0014301537931909931, -9.104098790639782, 0.001866432958764031
1a, 85.770702480011, 0.9846046011547109, 0.001821378217171103, -9.412893273364233, 0.002090313562400186
1b, 85.770702480011, 0.9884982429201384, 0.0017589045952043564, -9.571373349258653, 0.0013268558981438514
All, 85.770702480011, 1.0533907657816264, 0.0012364665712820489, -9.489589938954978, 0.001282964842099888
0, 73.570602450168, 0.9911767290167404, 0.0016001878411409365, -9.123576533733686, 0.002088337171245783
1a, 73.570602450168, 1.051371960713202, 0.0020001715999789643, -9.460326731567504, 0.0022955066570728294
1b, 73.570602450168, 1.02294718603961, 0.0019506997212101495, -9.593142089748813, 0.0014715394101830377
All, 73.570602450168, 1.1079868467787866, 0.0013333224516442516, -9.520574071934659, 0.0013834630618993085
0, 63.100517506719, 1.0511701147517927, 0.0018576081222297458, -9.171575382598771, 0.0024242854441979154
1a, 63.100517506719, 1.1217631577987668, 0.002211209362004372, -9.534070888598055, 0.0025377051702544836
1b, 63.100517506719, 1.0593787924650864, 0.002205178690171485, -9.637139542851546, 0.0016635094134683404
All, 63.100517506719, 1.164379916295943, 0.0014498670710205554, -9.5754878808454, 0.0015043904307975038
0, 54.12044358217, 1.1158513973729776, 0.0021848659487866424, -9.25284324196684, 0.00285137573085613
1a, 54.12044358217, 1.194926228970675, 0.0024590526663356015, -9.635521416375141, 0.002822143742929572
1b, 54.12044358217, 1.0972108683458524, 0.002536839906023915, -9.704667880824346, 0.001913702995109549
All, 54.12044358217, 1.2220855937320767, 0.00159005397606485, -9.656090712258965, 0.001649849171593173
0, 46.420380378909, 1.1900648057204208, 0.0025303952144243207, -9.362548995105701, 0.003302311296439439
1a, 46.420380378909, 1.2696873756035152, 0.0027623243391911526, -9.747444719949064, 0.0031701949521102503
1b, 46.420380378909, 1.1353455043540064, 0.0029869180490107116, -9.77865475508699, 0.0022532261507576122
All, 46.420380378909, 1.2805589309304644, 0.0017611338608110314, -9.746723998282079, 0.0018273626462132517
0, 42.990352509969, 1.2231908066187827, 0.002749287199902738, -9.443410053026579, 0.003587977927574721
1a, 42.990352509969, 1.3049244918218197, 0.0029394959377101646, -9.834643935543768, 0.0033735267981623114
1b, 42.990352509969, 1.1530563859077425, 0.00325728922359989, -9.846382944858602, 0.0024571846762341193
All, 42.990352509969, 1.3076109603537427, 0.0018698417875745977, -9.822304784151614, 0.001940158617681057
0, 39.810326245729996, 1.2127686123751, 0.0034195693598328475, -9.52917201363098, 0.0044627346991340635
1a, 39.810326245729996, 1.2710811219361455, 0.0034680445225634105, -9.921515528615563, 0.003980118150189212
1b, 39.810326245729996, 1.1315364860052806, 0.003728166465325182, -9.934897562602842, 0.0028123979420294257
All, 39.810326245729996, 1.2842284760644598, 0.0021390934428942676, -9.91104851154127, 0.0022195356873693697
0, 36.870302361795, 1.2408316595192161, 0.0036481577170822286, -9.624961495924769, 0.004761055653140017
1a, 36.870302361795, 1.30522371797995, 0.003679059679088261, -10.029216163711101, 0.004222290720058294
1b, 36.870302361795, 1.1500540787871567, 0.004069448264670079, -10.024582418032168, 0.0030698489542244967
All, 36.870302361795, 1.3101842711269762, 0.0022765692923324855, -10.007103468064482, 0.002362181421240017
0, 34.150280071806, 1.2685295706949942, 0.0038853882932663817, -9.721265911930974, 0.005070655199933342
1a, 34.150280071806, 1.336337509308236, 0.003935946373505289, -10.131214193831706, 0.004517107983314069
1b, 34.150280071806, 1.1653720801412184, 0.0044797658983238425, -10.1082300590297, 0.0033793781770205004
All, 34.150280071806, 1.3331501298534891, 0.0024394733135849624, -10.097960742136761, 0.0025312115727684293
0, 29.290239773707, 1.3319201516941959, 0.004347732937718884, -9.919410728916613, 0.005674041553780494
1a, 29.290239773707, 1.3924240249625748, 0.004636255694667722, -10.307869334308453, 0.005320821379082425
1b, 29.290239773707, 1.188923839619595, 0.0055520205329962664, -10.246807311800618, 0.004188249442810723
All, 29.290239773707, 1.3732766775501222, 0.002861410673377468, -10.255272084316424, 0.002969016209590069
0, 25.120206564013, 1.414583425508079, 0.004781017202133146, -10.154009790217081, 0.006239502440201826
1a, 25.120206564013, 1.4415962883568998, 0.005581706140769174, -10.457028012422752, 0.006405872178214451
1b, 25.120206564013, 1.2053418546931118, 0.006884740854345976, -10.35484212316764, 0.00519360688162825
All, 25.120206564013, 1.4067938961536808, 0.003399341281613279, -10.390262151944988, 0.0035271761096513908
0, 21.550176549842, 1.5046395984764254, 0.005304660874700941, -10.446276721228223, 0.006922887551496811
1a, 21.550176549842, 1.4704968039831985, 0.00658064982375076, -10.594812131270917, 0.007552314750616338
1b, 21.550176549842, 1.206644678980976, 0.008135495141191986, -10.45106943032741, 0.006137132020601192
All, 21.550176549842, 1.4217457248291292, 0.0039444953811608955, -10.52071025978494, 0.004092831145938394
0, 19.950163132289, 1.561159614983032, 0.005643207407913848, -10.630769522699056, 0.00736471024963756
1a, 19.950163132289, 1.4757944291322778, 0.007020643548064066, -10.650617097032637, 0.008057275686589075
1b, 19.950163132289, 1.2004847462509403, 0.008634466691305657, -10.484618651290747, 0.006513538646679386
All, 19.950163132289, 1.4208005850290857, 0.004181075778115532, -10.577341435618862, 0.0043383083296103485
0, 18.480151060234, 1.6051253390940408, 0.006087179620593363, -10.810267012907918, 0.00794411952328746
1a, 18.480151060234, 1.4710582987023906, 0.007423096338028544, -10.703959462489056, 0.00851915258681639
1b, 18.480151060234, 1.1881948118295533, 0.009075805494193494, -10.51970784139304, 0.006846469150862552
All, 18.480151060234, 1.4109875998061183, 0.0044086171184254345, -10.633306604893317, 0.0045744065360011615
0, 17.11013985066, 1.5695277240451522, 0.006355042837423139, -10.862093101427917, 0.008293696428031494
1a, 17.11013985066, 1.4397662201291954, 0.007784357794267711, -10.758253589470987, 0.008933756052713791
1b, 17.11013985066, 1.1605624122972358, 0.009411201844437537, -10.575149206896953, 0.007099480386804842
All, 17.11013985066, 1.3793390848774962, 0.004590523389245291, -10.68737761325243, 0.004763153531221093
0, 15.850129606354, 1.5022425896227876, 0.00661787760745024, -10.85970417773756, 0.008636710920475127
1a, 15.850129606354, 1.3955252507443592, 0.008098948486230587, -10.80241665540088, 0.009294797589180726
1b, 15.850129606354, 1.12554475200977, 0.009674443898758116, -10.629128604009255, 0.007298060954146065
All, 15.850129606354, 1.3370010368884935, 0.004741942424370154, -10.731435451026748, 0.004920266794937118
0, 14.680120452488, 1.4739853510887906, 0.0069191020322964284, -10.918493975352991, 0.00902982612052871
1a, 14.680120452488, 1.356712220623376, 0.008326869900153265, -10.821472378811901, 0.009556372707512802
1b, 14.680120452488, 1.0961789691847985, 0.009842664306091918, -10.651979124892312, 0.007424960525770121
All, 14.680120452488, 1.2993934002565797, 0.004852174708869666, -10.75588906855916, 0.005034644448779056
0, 13.590111209163, 1.4942793079793468, 0.007278623183048695, -11.058472232169109, 0.009499021900962646
1a, 13.590111209163, 1.3249745676101876, 0.00839317285642974, -10.814801200542725, 0.009632465617500056
1b, 13.590111209163, 1.0748051849705802, 0.009821200187441185, -10.641259292180827, 0.007408768747939855
All, 13.590111209163, 1.2679134572078563, 0.004887589339900416, -10.761098841197802, 0.005071390874087815
0, 12.590103417408, 1.521612249904569, 0.007836787124819037, -11.222664622213102, 0.010227457949081203
1a, 12.590103417408, 1.2964427110245371, 0.008353825785137776, -10.800380150215345, 0.00958730875991445
1b, 12.590103417408, 1.0574826385751395, 0.009678355136852385, -10.618820000388963, 0.007301011454900099
All, 12.590103417408, 1.2359586324440093, 0.004896051909348457, -10.758559975037882, 0.005080171684930446
0, 11.660095465835001, 1.5579717417832448, 0.008811884683836011, -11.432717312901932, 0.011500016348621517
1a, 11.660095465835001, 1.2787548242022333, 0.008309026839340579, -10.793490621813605, 0.009535895032058104
1b, 11.660095465835001, 1.047705927832593, 0.009531745811974175, -10.593290533880868, 0.007190414525443025
All, 11.660095465835001, 1.2058516174942402, 0.0049625758168873515, -10.759550665116404, 0.005149197274876652
0, 11.220092135066999, 1.5348710506902075, 0.0089552896782513, -11.440434385471434, 0.011687168114608074
1a, 11.220092135066999, 1.2599375824953785, 0.0082954648776207, -10.786860069460461, 0.009520330580782384
1b, 11.220092135066999, 1.0359115124373022, 0.009463319089108423, -10.589130117626636, 0.007138795807138108
All, 11.220092135066999, 1.1854677198806183, 0.0049579065205067946, -10.754445997783112, 0.005144352386035551
0, 10.800088679676001, 1.5080607738661138, 0.008975121787261831, -11.42099184065654, 0.011713050157557081
1a, 10.800088679676001, 1.2362517409384919, 0.008246707542541464, -10.774279108784981, 0.009464373988229679
1b, 10.800088679676001, 1.0200496111815078, 0.00937399515769219, -10.584889181240138, 0.007071412968086934
All, 10.800088679676001, 1.1651059054516253, 0.004923543292544613, -10.745725079073935, 0.00510869690261166
0, 10.390085363387, 1.4891098930610505, 0.009070719233847856, -11.426154126984832, 0.011837810323863204
1a, 10.390085363387, 1.2175542621754218, 0.008133392261153798, -10.759922448166947, 0.00933432715485988
1b, 10.390085363387, 1.0069164543742537, 0.009205858158319319, -10.572555818694074, 0.0069445763165014145
All, 10.390085363387, 1.1452777640226675, 0.00487113910420443, -10.733515203856523, 0.0050543220147005975
0, 10.000081990725999, 1.4721798336320617, 0.009236421760108617, -11.43666704407454, 0.012054061651402943
1a, 10.000081990725999, 1.202711935256208, 0.00808661597047793, -10.750343107293133, 0.009280644117544102
1b, 10.000081990725999, 0.9955960847789462, 0.009123611299977087, -10.56288090192058, 0.006882532173008508
All, 10.000081990725999, 1.1276809845125542, 0.004860911927409205, -10.724775191205323, 0.005043710237102269
0, 9.810080441738, 1.4793433497796964, 0.01261335402699867, -11.62329515982685, 0.016501157752242333
1a, 9.810080441738, 1.1756765829114224, 0.011196556651719694, -10.88863656670715, 0.012850442298605429
1b, 9.810080441738, 0.9186358466572246, 0.011941668734363746, -10.649839694353, 0.009008459280804404
All, 9.810080441738, 1.079554856185417, 0.00649750210459973, -10.836082685544417, 0.006744228122079249
0, 9.6230790352, 1.4211360809857059, 0.011870768700549698, -11.468379341373726, 0.015507604647360156
1a, 9.6230790352, 1.1492758249847645, 0.011110648617143564, -10.870693447338361, 0.012751189880567403
1b, 9.6230790352, 0.9018993751735892, 0.01181281305206073, -10.65555921652014, 0.00891117159767065
All, 9.6230790352, 1.0703227775959236, 0.006361003211422667, -10.82287241795673, 0.00660102358108508
0, 9.261075991109, 1.2952317492300913, 0.01085607013334048, -11.226091020288433, 0.01417209983684223
1a, 9.261075991109, 1.1000270176865232, 0.010588051715609517, -10.824493689230437, 0.012151429006825544
1b, 9.261075991109, 0.871148521394986, 0.011205664510151078, -10.64083501068817, 0.008453160045435969
All, 9.261075991109, 1.031948408000948, 0.005988745235628819, -10.77540798954194, 0.00621418097114117
0, 8.912073023522, 1.2032439868708273, 0.0103726645338604, -11.069985784248404, 0.013537387049733667
1a, 8.912073023522, 1.0620808042391872, 0.010235883794794265, -10.793916180916703, 0.011747261781049808
1b, 8.912073023522, 0.8428091687335584, 0.010793841151007476, -10.62704679401891, 0.008142494956173627
All, 8.912073023522, 0.9973495892155197, 0.0057584456427955955, -10.740966316633317, 0.005975008940124027
0, 8.577070248001, 1.168984331208015, 0.010223535678378842, -11.026647866832372, 0.013346149443663167
1a, 8.577070248001, 1.0390773923198922, 0.009991187637383622, -10.767493085157282, 0.011466435046832516
1b, 8.577070248001, 0.8238544618723802, 0.010498912180049422, -10.604190589866871, 0.007920010890968417
All, 8.577070248001, 0.973869959302172, 0.005618771685768238, -10.713883688401657, 0.005830255547385616
0, 7.943065230208999, 1.1029793418788258, 0.009719071438226375, -10.937547772620656, 0.012687740274342347
1a, 7.943065230208999, 0.9904071616706935, 0.009448934207758605, -10.71181649061446, 0.010844115263101013
1b, 7.943065230208999, 0.7787724658965935, 0.009878161453911983, -10.552380872372437, 0.007451738328318794
All, 7.943065230208999, 0.9249590337619568, 0.005304820752863552, -10.656323556932612, 0.005504504144283883
0, 7.356060336523, 1.0471069999188187, 0.009434519459893202, -10.8606725840369, 0.01231767474893455
1a, 7.356060336523, 0.944493420813782, 0.009071687923801721, -10.658711559772414, 0.010411166731990922
1b, 7.356060336523, 0.7348112783628946, 0.009439662263967143, -10.500532483596357, 0.007120949928484059
All, 7.356060336523, 0.8791014256166668, 0.005089748734058059, -10.601106424627906, 0.005281424781044955
0, 6.8130558615089996, 0.9850760640086675, 0.009176834551485574, -10.77133906611017, 0.011984283688268474
1a, 6.8130558615089996, 0.9001488056571887, 0.008798312437280697, -10.602738578166399, 0.010097426026345401
1b, 6.8130558615089996, 0.6919275591346183, 0.00912972907765026, -10.444939926234689, 0.006887147209782712
All, 6.8130558615089996, 0.8327239099835636, 0.004931731004783882, -10.540812157584085, 0.005117531846222953
0, 6.3100517506710005, 0.9237492137554697, 0.008945930469080881, -10.676698000107844, 0.011688774578030291
1a, 6.3100517506710005, 0.8598967184302162, 0.008612606414594711, -10.544138452900961, 0.009884299606922844
1b, 6.3100517506710005, 0.6537543115408843, 0.008899384808130538, -10.385059221749298, 0.006713383576752705
All, 6.3100517506710005, 0.7892572751845142, 0.004815452642730232, -10.476292031912033, 0.0049972162445050105
0, 5.843047963294, 0.9647738741345346, 0.008920576363404946, -10.74275962159117, 0.011648401938183704
1a, 5.843047963294, 0.8394820857156842, 0.008468662729455059, -10.488252293651868, 0.009719101937140344
1b, 5.843047963294, 0.6302518172414795, 0.008755581952669535, -10.31805099075607, 0.006604903749331373
All, 5.843047963294, 0.7716020650052622, 0.0047557834019075484, -10.428280450098015, 0.004934902950997755
0, 5.412044358217, 0.9411037568841696, 0.008866411630995776, -10.683773177270403, 0.011573025997237222
1a, 5.412044358217, 0.8026615182961512, 0.008328640043971517, -10.41899667968775, 0.009558404221668298
1b, 5.412044358217, 0.6006782163336328, 0.008598879204035289, -10.252607245590513, 0.006486692695219852
All, 5.412044358217, 0.7407030558164325, 0.00468150311727403, -10.363252859481891, 0.004857626132716436
0, 5.012041121505001, 0.9320085917488445, 0.00884018704477793, -10.663549641487414, 0.01154653785217877
1a, 5.012041121505001, 0.7817101918758316, 0.008233551055038264, -10.35732371701729, 0.00944927488140924
1b, 5.012041121505001, 0.5809857249681682, 0.008500029228461436, -10.184376907922008, 0.006412123742771182
All, 5.012041121505001, 0.7162635143638306, 0.004640167030669869, -10.300510525342482, 0.004815148060055564
0, 4.64203803789, 0.9709658159541128, 0.008924763142299974, -10.714913866881723, 0.011654099292974365
1a, 4.64203803789, 0.7722535732206721, 0.008195032475365585, -10.303584046153624, 0.009405068846256777
1b, 4.64203803789, 0.5684848293292886, 0.008468356936621539, -10.118782837106185, 0.006388231277341231
All, 4.64203803789, 0.7071444235819024, 0.004646714553661342, -10.251949840041513, 0.004821877297304613
0, 4.299035250996, 0.9527563744083749, 0.00899045499883648, -10.675847569255685, 0.011753555300560528
1a, 4.299035250996, 0.7624389239175233, 0.008181450100812867, -10.247331024347265, 0.00938948096809425
1b, 4.299035250996, 0.5592760264424359, 0.008450493367911736, -10.05467701027926, 0.006374755628025672
All, 4.299035250996, 0.6882361421048674, 0.004650153578212944, -10.189028668045284, 0.0048261051909958535
0, 3.981032624573, 0.9514867955163377, 0.009125882452877158, -10.664953945198928, 0.011939385482408676
1a, 3.981032624573, 0.7557315057269909, 0.008179417947503544, -10.194750315789186, 0.009387148757473025
1b, 3.981032624573, 0.5524045776283711, 0.008447268935892129, -9.992601313845405, 0.0063723232296710106
All, 3.981032624573, 0.6739470964817084, 0.004669883205977901, -10.13221226438484, 0.0048469708235059335
0, 3.831031393779, 1.0139358311687452, 0.009433027033411756, -10.749561605802517, 0.012324631931728048
1a, 3.831031393779, 0.7536864882717738, 0.008179594994266381, -10.170363109654046, 0.0093873519460508
1b, 3.831031393779, 0.5499864599065443, 0.008444867682013925, -9.962588126922627, 0.006370511808016919
All, 3.831031393779, 0.6809414397697298, 0.004714753046803782, -10.120083911338927, 0.00489274222823393
0, 3.6870302361790004, 0.9803459580394038, 0.009454176092065614, -10.703328565823282, 0.012367050649079874
1a, 3.6870302361790004, 0.7530996394475314, 0.008179451215748581, -10.14761073619167, 0.009387186937936118
1b, 3.6870302361790004, 0.5477815616120171, 0.008448652536921314, -9.933013199474, 0.0063733669697301695
All, 3.6870302361790004, 0.66695764503936, 0.00471576317735102, -10.085507216532015, 0.004894389351338169
0, 3.548029107825, 0.9680815954569337, 0.009564059197361977, -10.700955366764546, 0.012525367006698297
1a, 3.548029107825, 0.7524416445187033, 0.00815401795600312, -10.127730698305554, 0.009357998333789662
1b, 3.548029107825, 0.5446213652546625, 0.008426007023881299, -9.903318654951548, 0.006356283989433477
All, 3.548029107825, 0.6551259366601846, 0.004721683048972086, -10.057773938757817, 0.004901357472646306
0, 3.4140279835030003, 1.0426335839522207, 0.009889814933879785, -10.821397639971083, 0.012932768026606095
1a, 3.4140279835030003, 0.751560554142507, 0.008132989464640566, -10.109432298212248, 0.009333864883483972
1b, 3.4140279835030003, 0.5416382790690812, 0.00840595768399714, -9.874197622654517, 0.006341159471053277
All, 3.4140279835030003, 0.6622061059034232, 0.00477571622282738, -10.05229589773484, 0.004956617997916979
0, 3.286026924921, 1.0813573547411859, 0.010535853372005171, -10.937147990929688, 0.013784761497905832
1a, 3.286026924921, 0.765973649227812, 0.008153980057439954, -10.114242066365358, 0.009357954839319466
1b, 3.286026924921, 0.5453279181879415, 0.008419432925293537, -9.854166129002449, 0.0063513247201758185
All, 3.286026924921, 0.6605241150913966, 0.004880155512440955, -10.05018889926712, 0.005065308113577131
0, 3.162025914772, 1.2643112047131746, 0.013858426470858547, -11.445186464409748, 0.018217510385244887
1a, 3.162025914772, 0.864447649756914, 0.008771217801320945, -10.247554336830706, 0.01006641967041578
1b, 3.162025914772, 0.5973205417986478, 0.009070053744554373, -9.902473537744816, 0.006842128091367968
All, 3.162025914772, 0.7048817707936029, 0.005620825932805965, -10.16042568809014, 0.005837854216683276
0, 3.043024948458, 1.4599386906120349, 0.016430942536181697, -12.072962051704936, 0.021586046281154483
1a, 3.043024948458, 0.963494878767948, 0.009515509671090328, -10.436786998075496, 0.010920851316385427
1b, 3.043024948458, 0.6550694262733062, 0.00980548718802296, -9.98567887426042, 0.007396915412623972
All, 3.043024948458, 0.7377363995863413, 0.006443652641018735, -10.314670234426028, 0.006687361034881637
0, 2.818023111754, 1.157425716816628, 0.012091480618135137, -11.097085419114038, 0.01583169530587643
1a, 2.818023111754, 0.7802544985275852, 0.008296605552125661, -10.057475598206576, 0.009521892077418406
1b, 2.818023111754, 0.5567907167405576, 0.00854566594048862, -9.764469360432447, 0.0064465504767113055
All, 2.818023111754, 0.6575002924351897, 0.005167499767782499, -9.991600451248848, 0.005364326288187124
0, 2.712022122985, 1.0471116062801278, 0.011171252117456627, -10.869266556357408, 0.014649585404575978
1a, 2.712022122985, 0.7414873400071169, 0.008080832617376703, -9.983109190926163, 0.009274375603474485
1b, 2.712022122985, 0.5409594240811848, 0.008336164226725585, -9.714185492570207, 0.0062885097362779495
All, 2.712022122985, 0.61998066234623, 0.004927467059510961, -9.909370727500178, 0.005116129626318729
0, 2.512020656401, 1.0594412359588516, 0.011608520166111287, -10.933003703512325, 0.015227488099579722
1a, 2.512020656401, 0.7380147322550767, 0.007974252024078615, -9.951098569109188, 0.009152265207005477
1b, 2.512020656401, 0.5415969301021192, 0.008211716727803534, -9.663577399482808, 0.006194630910556427
All, 2.512020656401, 0.6037818008083006, 0.004968150179087016, -9.871612483053207, 0.005158689410728999
0, 2.15401770693, 1.1522090075943958, 0.012704150041458195, -11.183460329390343, 0.01664214496632373
1a, 2.15401770693, 0.7451980841648425, 0.007969787730354214, -9.914905443113028, 0.009147011605797489
1b, 2.15401770693, 0.56073162498184, 0.008169447503926792, -9.588656641846637, 0.006162744491495534
All, 2.15401770693, 0.5990120913130222, 0.005239293701616565, -9.841328896823178, 0.005439468994791846
0, 1.8480151060230001, 1.1669534158542845, 0.013822024584369865, -11.34500054397202, 0.018150917696477153
1a, 1.8480151060230001, 0.7539124702294908, 0.008040340588326294, -9.893883382672248, 0.009229108561671341
1b, 1.8480151060230001, 0.5984141044113439, 0.008204058186888675, -9.5414706490988, 0.0061885987561356185
All, 1.8480151060230001, 0.5797504679682399, 0.00552061262365941, -9.80897330055338, 0.005733561596483113
0, 1.5850129606349999, 1.0966364396874182, 0.01485321393197953, -11.385832948840283, 0.01963115173188276
1a, 1.5850129606349999, 0.8049432205384031, 0.008243495425016288, -9.934239911872876, 0.009462287664966009
1b, 1.5850129606349999, 0.6500700099381026, 0.008234226485851445, -9.52035354288212, 0.006211739951237352
All, 1.5850129606349999, 0.5551388266792764, 0.005744534182084245, -9.779356311920251, 0.005970607747062525
0, 1.359011120916, 1.218792997606351, 0.015543633800273555, -11.725216575732972, 0.020457320168816098
1a, 1.359011120916, 0.8361766529237287, 0.008419879311323599, -9.971535574390671, 0.009664613812601457
1b, 1.359011120916, 0.7128570977433808, 0.008262779998207724, -9.525787770582083, 0.006233146157202275
All, 1.359011120916, 0.5788760435418303, 0.006127432045190195, -9.825601910020819, 0.006362133831504524
0, 1.166009546583, 1.2441731878637208, 0.016703904577801323, -11.923921651423546, 0.02200493168617267
1a, 1.166009546583, 0.82254256588089, 0.008609591444358326, -9.954697672037005, 0.009891145904179246
1b, 1.166009546583, 0.7957691175827107, 0.008380823457259233, -9.55974268733159, 0.006322230315782138
All, 1.166009546583, 0.5720260467271934, 0.006483389063112928, -9.84194992448172, 0.006735371681848021
0, 0.9500077922879607, 1.2980607935319037, 0.01781769812336372, -12.196248951109851, 0.023545003311734154
1a, 0.9500077922879607, 0.8842461281677848, 0.008950824052049453, -10.055447699487491, 0.010291978389335505
1b, 0.9500077922879607, 0.9454310222960346, 0.008686451205662495, -9.675831978274548, 0.006552355348481316
All, 0.9500077922879607, 0.6201263426824628, 0.006907306820797103, -9.942552128542042, 0.007176551116579936
0, 0.8000065592581475, 1.3729037457043778, 0.01852518431494423, -12.494970904109332, 0.024557953045672914
1a, 0.8000065592581475, 1.0068303404851568, 0.009266983089752307, -10.255834527131405, 0.010651787395440863
1b, 0.8000065592581475, 1.1075009010570935, 0.008965117225402355, -9.84004178465138, 0.006762064469879103
All, 0.8000065592581475, 0.7129415314307329, 0.007288074586714154, -10.116654022210849, 0.007572764619716644
0, 0.6500053359018513, 1.4661951752200597, 0.020375268158343732, -12.9984414930059, 0.027149959352484827
1a, 0.6500053359018513, 1.1160383833309626, 0.009848795014312864, -10.53017594237977, 0.011339147181293606
1b, 0.6500053359018513, 1.3271311442163614, 0.009402072837991144, -10.140765202459074, 0.007094762927113802
All, 0.6500053359018513, 0.7998110199927583, 0.007939749303658906, -10.392538987845267, 0.008261612956419995
0, 0.20000163981453686, 1.1946806950299549, 0.019810150373775415, -15.983928312838579, 0.028030872589765037
1a, 0.20000163981453686, 2.1601089011426478, 0.014915680689860752, -15.124428522335993, 0.017998144271261087
1b, 0.20000163981453686, 2.905223246180361, 0.01153223350136026, -14.776694981712613, 0.00928781223765167
All, 0.20000163981453686, 1.737750796683404, 0.009938370574067793, -14.638224171136292, 0.010750207883132596
0, 0.10000081990726845, 0.4227012659618989, 0.010144886189222048, -17.228178485601813, 0.013343397300387208
1a, 0.10000081990726845, 1.3769079632324857, 0.011508824950787562, -17.760802748595204, 0.01405804538156513
1b, 0.10000081990726845, 1.2290630191067689, 0.011879751918381996, -17.20513116497526, 0.009973383176894005
All, 0.10000081990726845, 0.9807685542722995, 0.007043645365835352, -17.298328530196766, 0.007736074318223613
0, 0.9000073791654158, 1.3162091257558277, 0.017896687297378526, -12.263479179585769, 0.023701130747003946
1a, 0.9000073791654158, 0.9025994779928129, 0.009022861575834363, -10.089916380987344, 0.010375408252110783
1b, 0.9000073791654158, 0.9926296134642157, 0.008740594478703003, -9.718873940693104, 0.006594292840600562
All, 0.9000073791654158, 0.64281007647905, 0.006978379891314897, -9.980838052468142, 0.007251560528470811
0, 0.8500069635410991, 1.2821507091064874, 0.018681204203427237, -12.293810047851125, 0.024848775404277997
1a, 0.8500069635410991, 0.9604974699330151, 0.00912150172382395, -10.17575529052885, 0.010485790531944978
1b, 0.8500069635410991, 1.0427444073451675, 0.00883665595490844, -9.769797956956985, 0.006666657943195411
All, 0.8500069635410991, 0.6535479200321018, 0.007102436746875879, -10.019836165797633, 0.007386193520828234
0, 0.4500036895827079, 1.547994252825039, 0.022566552418581163, -14.039615027289543, 0.030457799395395436
1a, 0.4500036895827079, 1.4629452632703641, 0.011537635876564312, -11.48959675875886, 0.013299932010895799
1b, 0.4500036895827079, 1.8626938658742496, 0.01032927461534425, -11.067759775537647, 0.007813279745190692
All, 0.4500036895827079, 1.0682604207578914, 0.009111239448250204, -11.272090892524087, 0.009497073014624283
0, 0.15000122986090264, 0.7413539500755788, 0.013171478024746039, -16.271065410010053, 0.01765099222139795
1a, 0.15000122986090264, 2.016686346530445, 0.01395435656996495, -16.422984015974453, 0.01720373476866485
1b, 0.15000122986090264, 2.3262294859911674, 0.012385385886864003, -15.90904757532157, 0.010477573395245333
All, 0.15000122986090264, 1.5613980311014923, 0.009004516368015768, -15.878779137526562, 0.009935763703641408
0, 0.5000040995363422, 1.5503476819721138, 0.022547204480291065, -13.736666510022925, 0.030314762051618045
1a, 0.5000040995363422, 1.3731932756547927, 0.010904651749056067, -11.179126584066807, 0.012555432878715538
1b, 0.5000040995363422, 1.6950192298364273, 0.010128542172620087, -10.749406144875383, 0.007650197351024941
All, 0.5000040995363422, 0.9856223003075401, 0.008791640877721297, -10.971658669802673, 0.009152825684769012
0, 0.5500045067380275, 1.5440902071793965, 0.021276948110983063, -13.498959641249648, 0.028335968559070064
1a, 0.5500045067380275, 1.2931367143187018, 0.010536160170669584, -10.93830289817538, 0.012124691166498025
1b, 0.5500045067380275, 1.5851201919353588, 0.009908312647794165, -10.524651557862425, 0.007478156975495498
All, 0.5500045067380275, 0.9449246787551665, 0.008522359600266354, -10.777264842404717, 0.008859220876086846
0, 2.92902397737, 1.4621018476631842, 0.016490964006332428, -12.10224532323074, 0.021723945715603103
1a, 2.92902397737, 0.9706753037669336, 0.009573645413537802, -10.444576544581523, 0.010987482437153433
1b, 2.92902397737, 0.6593392917602996, 0.009831049234607224, -9.975106461203385, 0.007416198523471164
All, 2.92902397737, 0.7314373712173938, 0.006481318644717142, -10.306442570865798, 0.006727486137856307
0, 0.7500061493045131, 1.363187189072797, 0.019553470810516428, -12.567869339632008, 0.02606045264669538
1a, 0.7500061493045131, 1.0472338241305317, 0.009437674264170227, -10.338803710932877, 0.010848406643732052
1b, 0.7500061493045131, 1.1751928678721397, 0.009054820702061515, -9.92101990889466, 0.006831695229611112
All, 0.7500061493045131, 0.7252134118769319, 0.007423686582438305, -10.170234022447758, 0.007718211132201898
0, 0.350002868507946, 1.480482388955525, 0.023638335632353187, -14.727874111669045, 0.03231578798446119
1a, 0.350002868507946, 1.6772653171056993, 0.01329339323216365, -12.409359118909013, 0.015413296299350203
1b, 0.350002868507946, 2.2753168941756194, 0.010938144233303904, -12.026370085907201, 0.00831012482108376
All, 0.350002868507946, 1.2654189732684875, 0.00979245024955656, -12.127276835798458, 0.010233844787649016
0, 0.3000024597218053, 1.4963755803200587, 0.02583119053429724, -15.131045934346258, 0.03620308631192097
1a, 0.3000024597218053, 1.834565811413206, 0.014044450040215845, -13.116251399487247, 0.016339704982384618
1b, 0.3000024597218053, 2.570066956833294, 0.011445022637564457, -12.785276439811849, 0.008728739833464172
All, 0.3000024597218053, 1.4544389295957694, 0.00989829558436935, -12.778345882557552, 0.010348408512601204
0, 0.6000049194436106, 1.4867935905110008, 0.021051185512750918, -13.10866544223741, 0.028334717990727565
1a, 0.6000049194436106, 1.1986748252710187, 0.01019062953407631, -10.714868459218858, 0.01172846081499052
1b, 0.6000049194436106, 1.444900646972222, 0.009638892911072902, -10.311071645599663, 0.0072740690491363115
All, 0.6000049194436106, 0.8670366084883957, 0.008005297119617293, -10.531744732152886, 0.00832561497015236
0, 0.2500020497681711, 1.328563216115386, 0.020427839071771793, -15.578419196833922, 0.027861652100547217
1a, 0.2500020497681711, 2.056615105425087, 0.014130630432343643, -14.061186172240575, 0.016452168735201916
1b, 0.2500020497681711, 2.842086642326692, 0.011115446200887825, -13.700132841009223, 0.008549822605652598
All, 0.2500020497681711, 1.6304358468920732, 0.009861218538128302, -13.685972779652746, 0.010334320986357132
0, 1.000008199072, 1.2569515038563084, 0.017977783348443747, -12.101312847846327, 0.0238401333890071
1a, 1.000008199072, 0.8674614873746735, 0.008875770076470104, -10.025720759275977, 0.010203535506017592
1b, 1.000008199072, 0.9083228248808347, 0.008633554519862216, -9.6432200540318, 0.00651306379166051
All, 1.000008199072, 0.5969071127296438, 0.00682668310840835, -9.904205076847129, 0.0070993158408105455
0, 0.4000032796290737, 1.5532732441562849, 0.023982087114572382, -14.321814883600263, 0.032876274488195315
1a, 0.4000032796290737, 1.5702670730647101, 0.012329178200176575, -11.903268543840497, 0.014236228229527734
1b, 0.4000032796290737, 2.038282603112349, 0.010598973039678945, -11.470397073212201, 0.00803197207012751
All, 0.4000032796290737, 1.1615751260308689, 0.009315938554044442, -11.618105135557979, 0.009716971660321823
0, 0.700005737015892, 1.4227560873336067, 0.019807721473494303, -12.790034567753281, 0.02636137216127552
1a, 0.700005737015892, 1.0247498580075105, 0.009590470702609403, -10.358391840641566, 0.011042204240725098
1b, 0.700005737015892, 1.2319503812668842, 0.009190099097748197, -10.008118492655242, 0.006934547331232167
All, 0.700005737015892, 0.7391579006571816, 0.0076849048821969095, -10.250403399403499, 0.007996507380642197
0, 0.050000409953634216, 10.299083297339708, 0.28234924912733994, -64.63475251288331, 0.4168328654560453
1a, 0.050000409953634216, 11.060935095645995, 0.10902006510713771, -49.37396013116985, 0.12853029405993288
1b, 0.050000409953634216, 16.31090249202061, 0.08967268860148672, -48.16962005516912, 0.06858328256636588
All, 0.050000409953634216, 8.579801286412458, 0.07828071972943015, -47.486629095251246, 0.08360889740743026
0, All, 0.931400417902553, 0.005066625062477751, -11.827744986677384, 0.006656138208179538
1a, All, 0.9820021703039785, 0.003401146630453172, -11.47430435813979, 0.003912807923869759
1b, All, 1.0129023649965396, 0.0036558581274973396, -11.380369086960334, 0.002765668059772841
All, All, 0.8955778676634886, 0.0020475365965224954, -11.426903352774012, 0.002128966924049564
